Manufacturer,Model,Engine Size,Cylinders,Fuel Type,Transmission/Gears,L/100K city,L/100K Highway
Acura,ILX,2,4,Z,AS5,8.6,5.6
Acura,ILX,2.4,4,Z,M6,9.8,6.5
Acura,ILX HYBRID,1.5,4,Z,AV7,5,4.8
Acura,TL,3.5,6,Z,AS6,10.4,6.8
Acura,TL AWD,3.7,6,Z,AS6,11.4,7.6
Acura,TL AWD,3.7,6,Z,M6,11.9,8
Acura,TSX,2.4,4,Z,AS5,9.3,6.2
Acura,TSX,2.4,4,Z,M6,9.9,6.8
Acura,TSX,3.5,6,Z,AS5,10.7,7
Audi,A3,2,4,Z,AS6,9.4,6.9
Audi,A3,2,4,Z,M6,10.4,6.7
Audi,A3 QUATTRO,2,4,Z,AM6,9.6,7.5
Audi,A3 TDI CLEAN DIESEL,2,4,D,AS6,6.7,4.7
Audi,A4,2,4,Z,AV8,8.6,6.2
Audi,A4 QUATTRO,2,4,Z,AS8,10.1,6.8
Audi,A4 QUATTRO,2,4,Z,M6,9.5,6.3
Audi,A5 CABRIOLET QUATTRO,2,4,Z,AS8,10.1,6.8
Audi,A5 QUATTRO,2,4,Z,AS8,10.1,6.8
Audi,A5 QUATTRO,2,4,Z,M6,9.5,6.3
Audi,A6 QUATTRO,2,4,Z,AS8,10.5,6.8
Audi,A6 QUATTRO,3,6,Z,AS8,11.3,7.3
Audi,A7 QUATTRO,3,6,Z,AS8,11.3,7.4
Audi,A8,3,6,Z,AS8,12,7.2
Audi,A8L,3,6,Z,AS8,12.4,7.6
Audi,A8L,4,8,Z,AS8,13.2,8.2
Audi,ALLROAD QUATTRO,2,4,Z,AS8,10.4,7.4
Audi,RS 5,4.2,8,Z,AM7,13.7,9.2
Audi,S4,3,6,Z,AM7,11.7,7.7
Audi,S4,3,6,Z,M6,13.1,8.3
Audi,S5,3,6,Z,AM7,11.7,7.7
Audi,S5,3,6,Z,M6,13.1,8.3
Audi,S5 CABRIOLET,3,6,Z,AM7,11.8,8
Audi,S6,4,8,Z,AM7,12.7,8.3
Audi,S7,4,8,Z,AM7,12.7,8.3
Audi,S8,4,8,Z,AS8,13.8,8.3
Audi,TT COUPE QUATTRO,2,4,Z,AM6,9.1,6.4
Audi,TT ROADSTER QUATTRO,2,4,Z,AM6,9.1,6.4
Audi,TTS COUPE QUATTRO,2,4,Z,AM6,10.1,7.4
Audi,TTS ROADSTER QUATTRO,2,4,Z,AM6,10.1,7.4
BMW,128i CABRIOLET,3,6,Z,A6,11.4,7.4
BMW,128i CABRIOLET,3,6,Z,M6,10.7,7
BMW,128i COUPE,3,6,Z,A6,11.3,6.8
BMW,128i COUPE,3,6,Z,M6,10.7,7
BMW,135i CABRIOLET,3,6,Z,AM7,11.8,7.9
BMW,135i CABRIOLET,3,6,Z,M6,10.6,6.8
BMW,135i COUPE,3,6,Z,AM7,11.7,7.9
BMW,135i COUPE,3,6,Z,M6,10.4,7
BMW,320i,2,4,Z,A8,8.5,5.2
BMW,320i,2,4,Z,M6,8.9,5.4
BMW,328i,2,4,Z,A8,8.6,5.5
BMW,328i,2,4,Z,M6,9,5.6
BMW,328i CABRIOLET,3,6,Z,A6,11.4,7.4
BMW,328i CABRIOLET,3,6,Z,M6,12.2,7.4
BMW,328i COUPE,3,6,Z,A6,11.3,6.8
BMW,328i COUPE,3,6,Z,M6,10.7,7
BMW,328i xDRIVE,2,4,Z,A8,9,6
BMW,328i xDRIVE COUPE,3,6,Z,A6,11.8,7.8
BMW,328i xDRIVE COUPE,3,6,Z,M6,12.2,7.6
BMW,335i,3,6,Z,A8,9.1,6
BMW,335i,3,6,Z,M6,10.6,6.8
BMW,335i CABRIOLET,3,6,Z,A6,11.6,7.4
BMW,335i CABRIOLET,3,6,Z,M6,10.6,6.8
BMW,335i COUPE,3,6,Z,A6,11.6,7.4
BMW,335i COUPE,3,6,Z,M6,10.6,6.8
BMW,335i xDRIVE,3,6,Z,A8,9.6,6.3
BMW,335i xDRIVE,3,6,Z,M6,10.8,7.2
BMW,335i xDRIVE COUPE,3,6,Z,A6,11.4,7.4
BMW,335i xDRIVE COUPE,3,6,Z,M6,10.8,7.2
BMW,335is CABRIOLET,3,6,Z,AM7,12.4,8.5
BMW,335is CABRIOLET,3,6,Z,M6,11.6,7.5
BMW,335is COUPE,3,6,Z,AM7,12.4,8.5
BMW,335is COUPE,3,6,Z,M6,11.6,7.5
BMW,528i,2,4,Z,A8,8.5,5.7
BMW,528i xDRIVE,2,4,Z,A8,9,6
BMW,535i xDRIVE,3,6,Z,A8,9.8,6.6
BMW,535i xDRIVE GRAN TURISMO,3,6,Z,A8,11.2,7.5
BMW,550i xDRIVE,4.4,8,Z,A8,13.2,8.3
BMW,550i xDRIVE GRAN TURISMO,4.4,8,Z,A8,12.9,8.3
BMW,650i xDRIVE CABRIOLET,4.4,8,Z,A8,12.9,8.3
BMW,650i xDRIVE COUPE,4.4,8,Z,A8,13.2,8.3
BMW,650i xDRIVE GRAN COUPE,4.4,8,Z,A8,12.9,8.3
BMW,740Li xDRIVE,3,6,Z,A8,11.2,7.5
BMW,750i xDRIVE,4.4,8,Z,A8,12.9,8.3
BMW,750Li xDRIVE,4.4,8,Z,A8,12.9,8.3
BMW,ACTIVEHYBRID 3,3,6,Z,A8,8,5.9
BMW,ACTIVEHYBRID 5,3,6,Z,A8,9.2,6.6
BMW,ACTIVEHYBRID 7L,3,6,Z,A8,9.3,6.6
BMW,ALPINA B7 xDRIVE,4.4,8,Z,A8,12.9,8.3
BMW,M3 CABRIOLET,4,8,Z,AM7,15.7,10.1
BMW,M3 CABRIOLET,4,8,Z,M6,15.7,10.1
BMW,M3 COUPE,4,8,Z,AM7,15.4,9.9
BMW,M3 COUPE,4,8,Z,M6,15.2,9.7
BMW,M5,4.4,8,Z,AM7,13.3,8.6
BMW,M5,4.4,8,Z,M6,14.4,9.2
BMW,M6 CABRIOLET,4.4,8,Z,AM7,13.3,8.6
BMW,M6 CABRIOLET,4.4,8,Z,M6,14.4,9.2
BMW,M6 COUPE,4.4,8,Z,AM7,13.3,8.6
BMW,M6 COUPE,4.4,8,Z,M6,14.4,9.2
BMW,Z4 sDRIVE28i,2,4,Z,A8,9.4,5.9
BMW,Z4 sDRIVE28i,2,4,Z,M6,9,5.6
BMW,Z4 sDRIVE35i,3,6,Z,AM7,12.4,8.5
BMW,Z4 sDRIVE35i,3,6,Z,M6,11.2,7.6
BMW,Z4 sDRIVE35is,3,6,Z,AM7,12.4,8.5
Buick,LACROSSE,3.6,6,X,AS6,12.2,7.3
Buick,,3.6,6,E,AS6,16.6,10.4
Buick,LACROSSE AWD,3.6,6,X,AS6,12.6,7.8
Buick,,3.6,6,E,AS6,17.4,11
Buick,LACROSSE eASSIST,2.4,4,X,AS6,8.3,5.4
Buick,REGAL,2,4,Z,AS6,11.4,6.9
Buick,,2,4,E,AS6,16.3,10
Buick,REGAL,2,4,Z,M6,10.5,6.2
Buick,,2,4,E,M6,14.1,8.9
Buick,REGAL eASSIST,2.4,4,X,AS6,8.3,5.4
Buick,REGAL GS,2,4,Z,AS6,11,7.4
Buick,REGAL GS,2,4,Z,M6,11.1,7.4
Buick,VERANO,2,4,Z,AS6,10.1,6.6
Buick,VERANO,2,4,Z,M6,10.2,6.3
Buick,VERANO,2.4,4,X,AS6,9.9,6.2
Buick,,2.4,4,E,AS6,14,8.6
CADILLAC,ATS,2,4,Z,AS6,9.9,6.3
CADILLAC,ATS,2,4,Z,M6,10.6,6.7
CADILLAC,ATS,2.5,4,X,AS6,9.2,6
CADILLAC,ATS,3.6,6,X,AS6,11.1,7.1
CADILLAC,,3.6,6,E,AS6,14.8,9.6
CADILLAC,ATS AWD,2,4,Z,AS6,10.3,6.6
CADILLAC,ATS AWD,3.6,6,X,AS6,11.7,7.5
CADILLAC,,3.6,6,E,AS6,15.6,10.1
CADILLAC,CTS,3,6,X,AS6,11.3,7.2
CADILLAC,CTS,3,6,X,M6,13.3,7.7
CADILLAC,CTS,3.6,6,X,AS6,11.4,6.8
CADILLAC,CTS AWD,3,6,X,AS6,11.9,7.6
CADILLAC,CTS AWD,3.6,6,X,AS6,11.7,7.4
CADILLAC,CTS SPORT WAGON,3,6,X,AS6,11.8,7.6
CADILLAC,CTS SPORT WAGON,3.6,6,X,AS6,11.8,7.5
CADILLAC,CTS SPORT WAGON AWD,3,6,X,AS6,11.9,7.6
CADILLAC,CTS SPORT WAGON AWD,3.6,6,X,AS6,11.7,7.4
CADILLAC,XTS,3.6,6,X,AS6,12.1,7.2
CADILLAC,XTS AWD,3.6,6,X,AS6,12.5,7.7
CHEVROLET,CAMARO,3.6,6,X,AS6,11.4,6.8
CHEVROLET,CAMARO,3.6,6,X,M6,12.4,7.1
CHEVROLET,CAMARO 2LS,3.6,6,X,A6,11.2,6.6
CHEVROLET,CAMARO SS,6.2,8,Z,AS6,13.6,8.2
CHEVROLET,CAMARO SS,6.2,8,Z,M6,13.4,8.3
CHEVROLET,CAMARO ZL1,6.2,8,Z,AS6,18.1,11.2
CHEVROLET,CAMARO ZL1,6.2,8,Z,M6,14.9,10.6
CHEVROLET,CORVETTE,6.2,8,Z,AS6,14.2,8.5
CHEVROLET,CORVETTE,6.2,8,Z,M6,12.9,7.7
CHEVROLET,CORVETTE Z06/427,7,8,Z,M6,14.3,8.3
CHEVROLET,CORVETTE ZR1,6.2,8,Z,M6,15.1,9.3
CHEVROLET,CRUZE,1.4,4,X,AS6,7.8,5.2
CHEVROLET,CRUZE,1.4,4,X,M6,7.8,5.2
CHEVROLET,CRUZE,1.8,4,X,AS6,9.2,5.6
CHEVROLET,CRUZE,1.8,4,X,M6,8.2,5.4
CHEVROLET,CRUZE ECO,1.4,4,X,A6,7.8,5
CHEVROLET,CRUZE ECO,1.4,4,X,M6,7.2,4.6
CHEVROLET,IMPALA,3.6,6,X,A6,11.7,6.7
CHEVROLET,,3.6,6,E,A6,15.5,8.8
CHEVROLET,MALIBU,2,4,Z,AS6,10.1,6.6
CHEVROLET,MALIBU,2.5,4,X,AS6,9.2,5.7
CHEVROLET,MALIBU ECO,2.4,4,X,AS6,8.1,5.3
CHEVROLET,SONIC,1.4,4,X,AS6,7.7,5.5
CHEVROLET,SONIC,1.4,4,X,M6,7.3,5.1
CHEVROLET,SONIC,1.8,4,X,AS6,8.3,5.5
CHEVROLET,SONIC,1.8,4,X,M5,7.7,5.6
CHEVROLET,SONIC 5,1.4,4,X,AS6,7.7,5.5
CHEVROLET,SONIC 5,1.4,4,X,M6,7.3,5.1
CHEVROLET,SONIC 5,1.8,4,X,AS6,8.3,5.5
CHEVROLET,SONIC 5,1.8,4,X,M5,7.7,5.6
CHEVROLET,SONIC RS,1.4,4,X,AS6,8.2,5.9
CHEVROLET,SONIC RS,1.4,4,X,M6,7.5,5.8
CHEVROLET,SPARK,1.2,4,X,A4,7.1,5.2
CHEVROLET,SPARK,1.2,4,X,M5,6.3,5.1
CHRYSLER,200 CONVERTIBLE,2.4,4,X,A4,10.3,6.9
CHRYSLER,200 CONVERTIBLE,2.4,4,X,A6,11.8,7.3
CHRYSLER,200 CONVERTIBLE FFV,3.6,6,X,A6,11,6.8
CHRYSLER,,3.6,6,E,A6,15.3,9.5
CHRYSLER,200 SEDAN,2.4,4,X,A4,10,6.9
CHRYSLER,200 SEDAN,2.4,4,X,A6,10.6,6.5
CHRYSLER,200 SEDAN FFV,3.6,6,X,A6,11,6.8
CHRYSLER,,3.6,6,E,A6,15.3,9.5
CHRYSLER,300,3.6,6,X,A8,10.9,6.4
CHRYSLER,300 (FuelSaver MDS),5.7,8,X,A5,13.5,8
CHRYSLER,300 AWD,3.6,6,X,A8,11.4,7.3
CHRYSLER,300 AWD (FuelSaver MDS),5.7,8,X,A5,14.4,8.5
CHRYSLER,300 AWD FFV,3.6,6,X,A8,11.4,7.3
CHRYSLER,L,3.6,6,E,A8,15.6,10
CHRYSLER,300 FFV,3.6,6,X,A8,10.9,6.4
CHRYSLER,L,3.6,6,E,A8,15.1,8.7
CHRYSLER,300 SRT (FuelSaver MDS),6.4,8,Z,A5,15,8.7
DODGE,AVENGER,2.4,4,X,A4,10,6.9
DODGE,AVENGER,2.4,4,X,A6,10.6,6.5
DODGE,AVENGER FFV,3.6,6,X,A6,11,6.8
DODGE,,3.6,6,E,A6,15.3,9.5
DODGE,CHALLENGER,3.6,6,X,A5,11.7,7.3
DODGE,CHALLENGER,5.7,8,X,M6,14,8.5
DODGE,CHALLENGER SRT,6.4,8,Z,M6,15.1,8.8
DODGE,CHARGER,3.6,6,X,A5,11.7,7.3
DODGE,CHARGER,3.6,6,X,A8,10.9,6.4
DODGE,CHARGER AWD,3.6,6,X,A8,11.4,7.3
DODGE,CHARGER AWD FFV,3.6,6,X,A8,11.4,7.3
DODGE,,3.6,6,E,A8,15.6,10
DODGE,CHARGER FFV,3.6,6,X,A5,11.7,7.3
DODGE,,3.6,6,E,A5,16.5,10.7
DODGE,CHARGER FFV,3.6,6,X,A8,10.9,6.4
DODGE,,3.6,6,E,A8,15.1,8.7
DODGE,CHARGER SRT (FuelSaver MDS),6.4,8,Z,A5,15,8.7
DODGE,DART,2,4,X,A6,8.6,5.8
DODGE,DART,2,4,X,M6,8.1,5.4
DODGE,DART FFV,2,4,X,A6,8.6,5.8
DODGE,,2,4,E,A6,12.7,8.2
DODGE,DART TURBO,1.4,4,X,AM6,7.4,5.3
DODGE,DART TURBO,1.4,4,X,M6,7.4,4.9
DODGE,DART TURBO AERO,1.4,4,X,AM6,7.2,4.9
DODGE,DART TURBO AERO,1.4,4,X,M6,7.3,4.8
FIAT,500 ABARTH,1.4,4,X,M5,7.1,5.7
FIAT,500 CABRIO,1.4,4,X,A6,7.4,5.7
FIAT,500 CABRIO,1.4,4,X,M5,6.7,5.2
FIAT,500 HATCHBACK,1.4,4,X,A6,7.4,5.7
FIAT,500 HATCHBACK,1.4,4,X,M5,6.4,4.9
FIAT,500 HATCHBACK TURBO,1.4,4,X,M5,7.1,5.7
FORD,C-MAX HYBRID,2,4,X,AV,4,4.1
FORD,FIESTA,1.6,4,X,A6,6.9,5.1
FORD,FIESTA,1.6,4,X,M5,6.9,5.1
FORD,FIESTA SFE,1.6,4,X,A6,6.9,4.9
FORD,FOCUS,2,4,X,M6,8.9,6.2
FORD,FOCUS FFV,2,4,X,A6,7.5,5.1
FORD,,2,4,E,A6,10.2,6.9
FORD,FOCUS FFV,2,4,X,AS6,7.5,5.1
FORD,,2,4,E,AS6,10.2,6.9
FORD,FOCUS FFV,2,4,X,M5,7.8,5.5
FORD,,2,4,E,M5,10.5,7.4
FORD,FOCUS SFE FFV,2,4,X,A6,7.2,4.8
FORD,,2,4,E,A6,10.2,7
FORD,FUSION,1.6,4,X,AS6,8.7,5.5
FORD,FUSION (Auto Start-Stop),1.6,4,X,AS6,8.5,5.3
FORD,FUSION,1.6,4,X,M6,8,5.3
FORD,FUSION,2,4,X,AS6,9.2,5.9
FORD,FUSION,2.5,4,X,AS6,9.2,5.8
FORD,FUSION AWD,2,4,X,AS6,9.5,6.3
FORD,FUSION HYBRID,2,4,X,AV,4,4.1
FORD,MUSTANG,3.7,6,X,A6,10.8,6.3
FORD,MUSTANG,3.7,6,X,M6,11.2,6.8
FORD,MUSTANG,5,8,X,A6,11.8,7.8
FORD,MUSTANG,5,8,X,M6,13.8,7.9
FORD,MUSTANG,5.8,8,Z,M6,14.3,8.5
FORD,MUSTANG CONVERTIBLE,3.7,6,X,A6,11,6.9
FORD,TAURUS,2,4,X,AS6,9.2,6.2
FORD,TAURUS AWD,3.5,6,X,AS6,12.2,7.8
FORD,TAURUS FFV,3.5,6,X,AS6,10.7,6.9
FORD,,3.5,6,E,AS6,15.4,9.5
FORD,TAURUS FFV AWD,3.5,6,X,AS6,11.5,7.7
FORD,,3.5,6,E,AS6,16.6,10.6
HONDA,ACCORD,2.4,4,X,AV,7.8,5.5
HONDA,ACCORD,2.4,4,X,AV7,7.8,5.5
HONDA,ACCORD,2.4,4,X,M6,8.7,5.7
HONDA,ACCORD,3.5,6,X,A6,9.7,5.7
HONDA,ACCORD,3.5,6,X,AS6,10,6.1
HONDA,ACCORD,3.5,6,X,M6,11.5,7.1
HONDA,CIVIC,1.8,4,X,A5,7.1,5
HONDA,CIVIC,1.8,4,X,M5,7.2,5.4
HONDA,CIVIC,2.4,4,Z,M6,10,6.4
HONDA,CIVIC HYBRID,1.5,4,X,AV,4.4,4.2
HONDA,CR-Z,1.5,4,X,AV7,5.4,5
HONDA,CR-Z,1.5,4,X,M6,6.4,5.1
HONDA,FIT,1.5,4,X,A5,7.1,5.4
HONDA,FIT,1.5,4,X,M5,7.1,5.7
HONDA,INSIGHT,1.3,4,X,AV,4.7,4.4
HONDA,INSIGHT EX,1.3,4,X,AV7,4.7,4.3
HYUNDAI,ACCENT,1.6,4,X,AS6,7.2,5.2
HYUNDAI,ACCENT,1.6,4,X,M6,7.1,5.3
HYUNDAI,ELANTRA,1.8,4,X,AS6,7.2,5.2
HYUNDAI,ELANTRA,1.8,4,X,M6,7.1,5.2
HYUNDAI,ELANTRA COUPE,1.8,4,X,AS6,7.6,5.3
HYUNDAI,ELANTRA COUPE,1.8,4,X,M6,7.2,5.2
HYUNDAI,ELANTRA GT,1.8,4,X,AS6,7.6,5.3
HYUNDAI,ELANTRA GT,1.8,4,X,M6,7.8,5.3
HYUNDAI,EQUUS,5,8,Z,AS8,13.7,8.6
HYUNDAI,GENESIS,3.8,6,X,AS8,11.4,7.2
HYUNDAI,GENESIS COUPE,2,4,Z,AS8,10.4,6.4
HYUNDAI,GENESIS COUPE,2,4,Z,M6,10,6.6
HYUNDAI,GENESIS COUPE,3.8,6,Z,AS8,11.3,7
HYUNDAI,GENESIS COUPE,3.8,6,Z,M6,11.5,7.3
HYUNDAI,GENESIS R SPEC,5,8,Z,AS8,13.5,8.5
HYUNDAI,SONATA,2,4,X,AS6,9.2,5.8
HYUNDAI,SONATA,2.4,4,X,AS6,8.7,5.6
HYUNDAI,VELOSTER,1.6,4,X,AM6,7.2,5.2
HYUNDAI,VELOSTER,1.6,4,X,M6,7.5,5.3
HYUNDAI,VELOSTER TURBO,1.6,4,X,AS6,8.5,5.8
HYUNDAI,VELOSTER TURBO,1.6,4,X,M6,8.3,5.7
INFINITI,G37 CONVERTIBLE,3.7,6,Z,AS7,11.9,7.8
INFINITI,G37 CONVERTIBLE,3.7,6,Z,M6,12.9,8.4
INFINITI,G37 COUPE,3.7,6,Z,AS7,11,7.4
INFINITI,G37 COUPE,3.7,6,Z,M6,12.3,7.9
INFINITI,G37x COUPE,3.7,6,Z,AS7,11.8,7.9
INFINITI,M35h,3.5,6,Z,AS7,7.5,6.1
INFINITI,M37,3.7,6,Z,AS7,11.3,7.5
INFINITI,M37x,3.7,6,Z,AS7,12,8.3
INFINITI,M56,5.6,8,Z,AS7,12.9,8
INFINITI,M56x,5.6,8,Z,AS7,13.4,8.6
JAGUAR,XF I4T,2,4,Z,AS8,10.8,6.9
JAGUAR,XF V6 SUPERCHARGED AWD,3,6,Z,AS8,13.1,7.7
JAGUAR,XFR,5,8,Z,AS8,14,8.7
JAGUAR,XFR-S,5,8,Z,AS8,14,8.7
JAGUAR,XJ 3.0 AWD,3,6,Z,AS8,13,8.1
JAGUAR,XJ SUPERCHARGED,5,8,Z,AS8,14.2,8.6
JAGUAR,XJ SUPERSPORT,5,8,Z,AS8,14.2,8.6
JAGUAR,XJL 3.0 AWD,3,6,Z,AS8,13.2,8.1
JAGUAR,XJL SUPERCHARGED,5,8,Z,AS8,14.2,8.6
JAGUAR,XJL SUPERSPORT,5,8,Z,AS8,14.2,8.6
JAGUAR,XJL ULTIMATE,5,8,Z,AS8,14.2,8.6
JAGUAR,XK CONVERTIBLE,5,8,Z,AS6,13.5,9
JAGUAR,XK COUPE,5,8,Z,AS6,13.2,8.4
JAGUAR,XKR CONVERTIBLE,5,8,Z,AS6,14.2,9.2
JAGUAR,XKR COUPE,5,8,Z,AS6,13.9,9.2
JAGUAR,XKR-S CONVERTIBLE,5,8,Z,AS6,14.2,9.2
JAGUAR,XKR-S COUPE,5,8,Z,AS6,13.9,9.2
KIA,FORTE,2,4,X,AS6,8,5.5
KIA,FORTE,2,4,X,M6,8.1,5.7
KIA,FORTE,2.4,4,X,AS6,9,6.2
KIA,FORTE,2.4,4,X,M6,9.2,6.2
KIA,FORTE KOUP,2,4,X,AS6,8,5.7
KIA,FORTE KOUP,2,4,X,M6,8.3,6
KIA,FORTE KOUP,2.4,4,X,AS6,9,6.4
KIA,FORTE KOUP,2.4,4,X,M6,9.2,6.2
KIA,OPTIMA,2,4,X,AS6,9.2,5.8
KIA,OPTIMA,2.4,4,X,AS6,8.6,5.6
KIA,OPTIMA,2.4,4,X,M6,8.7,5.7
KIA,RIO,1.6,4,X,AS6,7.1,5.5
KIA,RIO,1.6,4,X,M6,6.9,5.3
KIA,RIO ECO,1.6,4,X,AS6,6.8,5.4
KIA,SOUL,1.6,4,X,AS6,8.1,6.5
KIA,SOUL,1.6,4,X,M6,8.1,6.5
KIA,SOUL,2,4,X,AS6,8.8,7.1
KIA,SOUL,2,4,X,M6,8.5,6.7
KIA,SOUL ECO,2,4,X,AS6,8.5,6.8
LEXUS,CT 200h,1.8,4,X,AV,4.5,4.8
LEXUS,ES 300h,2.5,4,X,AS6,4.7,5.1
LEXUS,ES 350,3.5,6,X,AS6,9.9,6.4
LEXUS,GS 350,3.5,6,Z,AS6,10.7,7.1
LEXUS,GS 350 AWD,3.5,6,Z,AS6,11.1,7.6
LEXUS,GS 450h,3.5,6,Z,AS6,6.5,6.2
LEXUS,IS 250,2.5,6,Z,AS6,9.6,6.5
LEXUS,IS 250 AWD,2.5,6,Z,AS6,10.1,7.3
LEXUS,IS 250C,2.5,6,Z,AS6,9.6,6.5
LEXUS,IS 350,3.5,6,Z,AS6,10.7,7.3
LEXUS,IS 350 AWD,3.5,6,Z,AS6,10.9,7.7
LEXUS,IS 350C,3.5,6,Z,AS6,10.7,7.3
LEXUS,IS F,5,8,Z,AS8,13,8.5
LEXUS,LS 460,4.6,8,Z,AS8,12.9,8.2
LEXUS,LS 460 AWD,4.6,8,Z,AS8,13.5,8.7
LEXUS,LS 460 L AWD,4.6,8,Z,AS8,13.5,8.7
LEXUS,LS 600h L,5,8,Z,AS8,10.6,9.1
LINCOLN,MKS AWD,3.5,6,X,AS6,12.2,7.8
LINCOLN,MKS AWD,3.7,6,X,AS6,11.6,7.5
LINCOLN,MKZ,2,4,X,AS6,9.2,5.9
LINCOLN,MKZ AWD,3.7,6,X,AS6,11.5,7.6
LINCOLN,MKZ HYBRID,2,4,X,AV,4.2,4.3
MASERATI,GRANTURISMO,4.7,8,Z,AS6,16.3,10
MASERATI,GRANTURISMO CONVERTIBLE,4.7,8,Z,AS6,16.3,10.1
MASERATI,QUATTROPORTE,4.7,8,Z,AS6,18,10.5
MAZDA,MAZDA2,1.5,4,X,A4,7.1,5.8
MAZDA,MAZDA2,1.5,4,X,M5,6.8,5.6
MAZDA,MAZDA3 DI 4-DOOR,2,4,X,AS6,7.1,4.9
MAZDA,MAZDA3 DI 4-DOOR,2,4,X,M6,7.7,5
MAZDA,MAZDA3 DI 5-DOOR,2,4,X,AS6,7.1,5
MAZDA,MAZDA3 DI 5-DOOR,2,4,X,M6,7.6,5.1
MAZDA,MAZDA3 L5X,2.5,4,X,AS5,9.2,6.8
MAZDA,MAZDA3 L5X,2.5,4,X,M6,10.2,7
MAZDA,MAZDA3 LFX,2,4,X,AS5,8.7,6
MAZDA,MAZDA3 LFX,2,4,X,M5,8.2,6
MAZDA,MAZDA6,2.5,4,X,AS5,9.4,6.4
MAZDA,MAZDA6,2.5,4,X,M6,9.8,6.6
MAZDA,MAZDA6,3.7,6,X,AS6,11.8,7.7
MAZDA,MAZDASPEED3,2.3,4,Z,M6,11.5,8
MAZDA,MX-5,2,4,Z,AS6,10.1,7.2
MAZDA,MX-5,2,4,Z,M5,9.2,7.1
MAZDA,MX-5,2,4,Z,M6,9.7,7.1
MERCEDES-BENZ,B 250,2,4,Z,AS7,7.9,5.5
MERCEDES-BENZ,C 250,1.8,4,Z,AS7,9.5,6.2
MERCEDES-BENZ,C 250 COUPE,1.8,4,Z,AS7,9.6,6.2
MERCEDES-BENZ,C 300 4MATIC FFV,3.5,6,Z,AS7,10.5,7.3
MERCEDES-BENZ,,3.5,6,E,AS7,14.8,10
MERCEDES-BENZ,C 350,3.5,6,Z,AS7,10.6,7.2
MERCEDES-BENZ,C 350 4MATIC,3.5,6,Z,AS7,10.5,7.2
MERCEDES-BENZ,C 350 COUPE,3.5,6,Z,AS7,10.7,7.2
MERCEDES-BENZ,C 350 COUPE 4MATIC,3.5,6,Z,AS7,10.7,7.3
MERCEDES-BENZ,C 63 AMG,6.2,8,Z,AS7,15.8,10.1
MERCEDES-BENZ,C 63 AMG COUPE,6.2,8,Z,AS7,15.8,10.1
MERCEDES-BENZ,CL 550 4MATIC,4.7,8,Z,AS7,13.8,8.8
MERCEDES-BENZ,CL 63 AMG,5.5,8,Z,AS7,13.8,9.3
MERCEDES-BENZ,CLS 550 4MATIC,4.7,8,Z,AS7,12.7,8.2
MERCEDES-BENZ,CLS 63 AMG,5.5,8,Z,AS7,13.6,8.6
MERCEDES-BENZ,E 300 4MATIC,3.5,6,Z,AS7,11.1,7
MERCEDES-BENZ,E 350 4MATIC,3.5,6,Z,AS7,11,6.9
MERCEDES-BENZ,E 350 4MATIC COUPE,3.5,6,Z,AS7,11,7.2
MERCEDES-BENZ,,3.5,6,E,AS7,14.9,9.8
MERCEDES-BENZ,E 350 4MATIC WAGON,3.5,6,Z,AS7,11.2,7.3
MERCEDES-BENZ,E 350 BLUETEC,3,6,D,AS7,9.4,5.9
MERCEDES-BENZ,E 350 CABRIOLET FFV,3.5,6,Z,AS7,10.8,7.1
MERCEDES-BENZ,,3.5,6,E,AS7,15.8,10.4
MERCEDES-BENZ,E 350 COUPE FFV,3.5,6,Z,AS7,10.6,7
MERCEDES-BENZ,,3.5,6,E,AS7,14.3,9.4
MERCEDES-BENZ,E 400 HYBRID,3.5,6,Z,AS7,8.3,6.6
MERCEDES-BENZ,E 550 4MATIC,4.7,8,Z,AS7,12.9,8
MERCEDES-BENZ,E 550 CABRIOLET,4.7,8,Z,AS7,12.2,7.8
MERCEDES-BENZ,E 550 COUPE,4.7,8,Z,AS7,12,7.5
MERCEDES-BENZ,E 63 AMG,5.5,8,Z,AS7,13.6,8.8
MERCEDES-BENZ,E 63 AMG WAGON,5.5,8,Z,AS7,13.8,9
MERCEDES-BENZ,S 350 BLUETEC 4MATIC,3,6,D,AS7,10.2,6.3
MERCEDES-BENZ,S 400 HYBRID,3.5,6,Z,AS7,11.1,7.7
MERCEDES-BENZ,S 550 4MATIC LWB,4.7,8,Z,AS7,13.8,8.8
MERCEDES-BENZ,S 550 4MATIC SWB,4.7,8,Z,AS7,13.8,8.7
MERCEDES-BENZ,S 63 AMG,5.5,8,Z,AS7,13.8,9.1
MERCEDES-BENZ,SL 550,4.7,8,Z,AS7,11.9,8.1
MERCEDES-BENZ,SL 63 AMG,5.5,8,Z,AS7,13.2,8.6
MERCEDES-BENZ,SLK 250,1.8,4,Z,AS7,9,6
MERCEDES-BENZ,SLK 250,1.8,4,Z,M6,9.1,6.1
MERCEDES-BENZ,SLK 350,3.5,6,Z,AS7,9.7,6.8
MERCEDES-BENZ,SLK 55 AMG,5.5,8,Z,AS7,10.9,7.3
MERCEDES-BENZ,SLS AMG COUPE,6.2,8,Z,AS7,16.3,10.7
MERCEDES-BENZ,SLS AMG ROADSTER,6.2,8,Z,AS7,16.3,10.7
MINI,COOPER,1.6,4,Z,A6,7.3,5.4
MINI,COOPER,1.6,4,Z,M6,6.8,5.2
MINI,COOPER CLUBMAN,1.6,4,Z,A6,7.6,5.6
MINI,COOPER CLUBMAN,1.6,4,Z,M6,7.4,5.7
MINI,COOPER CONVERTIBLE,1.6,4,Z,A6,7.6,5.6
MINI,COOPER CONVERTIBLE,1.6,4,Z,M6,7.4,5.7
MINI,COOPER COUNTRYMAN,1.6,4,Z,A6,8.1,6.6
MINI,COOPER COUNTRYMAN,1.6,4,Z,M6,7.4,5.7
MINI,COOPER COUPE,1.6,4,Z,A6,7.3,5.4
MINI,COOPER COUPE,1.6,4,Z,M6,6.8,5.2
MINI,COOPER ROADSTER,1.6,4,Z,A6,7.6,5.6
MINI,COOPER ROADSTER,1.6,4,Z,M6,7.4,5.7
MINI,COOPER S,1.6,4,Z,A6,7.9,5.8
MINI,COOPER S,1.6,4,Z,M6,7.7,5.6
MINI,COOPER S CLUBMAN,1.6,4,Z,A6,7.9,5.8
MINI,COOPER S CLUBMAN,1.6,4,Z,M6,7.7,5.6
MINI,COOPER S CONVERTIBLE,1.6,4,Z,A6,7.9,5.8
MINI,COOPER S CONVERTIBLE,1.6,4,Z,M6,7.7,5.6
MINI,COOPER S COUNTRYMAN,1.6,4,Z,A6,8.1,6.1
MINI,COOPER S COUNTRYMAN,1.6,4,Z,M6,7.7,6.1
MINI,COOPER S COUNTRYMAN ALL4,1.6,4,Z,A6,8.7,6.5
MINI,COOPER S COUNTRYMAN ALL4,1.6,4,Z,M6,8.1,6.4
MINI,COOPER S COUPE,1.6,4,Z,A6,7.9,5.8
MINI,COOPER S COUPE,1.6,4,Z,M6,7.7,5.6
MINI,COOPER S ROADSTER,1.6,4,Z,A6,7.9,5.8
MINI,COOPER S ROADSTER,1.6,4,Z,M6,7.7,5.6
MINI,JOHN COOPER WORKS,1.6,4,Z,A6,7.9,5.8
MINI,JOHN COOPER WORKS,1.6,4,Z,M6,7.7,5.6
MINI,JOHN COOPER WORKS CLUBMAN,1.6,4,Z,A6,7.9,5.8
MINI,JOHN COOPER WORKS CLUBMAN,1.6,4,Z,M6,7.7,5.6
MINI,JOHN COOPER WORKS CONVERTIBLE,1.6,4,Z,A6,7.9,5.8
MINI,JOHN COOPER WORKS CONVERTIBLE,1.6,4,Z,M6,7.7,5.6
MINI,JOHN COOPER WORKS COUNTRYMAN ALL4,1.6,4,Z,A6,8.7,6.5
MINI,JOHN COOPER WORKS COUNTRYMAN ALL4,1.6,4,Z,M6,8.1,6.4
MINI,JOHN COOPER WORKS COUPE,1.6,4,Z,A6,7.9,5.8
MINI,JOHN COOPER WORKS COUPE,1.6,4,Z,M6,7.7,5.6
MINI,JOHN COOPER WORKS ROADSTER,1.6,4,Z,A6,7.9,5.8
MINI,JOHN COOPER WORKS ROADSTER,1.6,4,Z,M6,7.7,5.6
MITSUBISHI,LANCER,2,4,X,AV6,7.9,5.8
MITSUBISHI,LANCER,2,4,X,M5,8.3,5.7
MITSUBISHI,LANCER AWD,2,4,Z,AM6,11.9,7.9
MITSUBISHI,LANCER AWD,2.4,4,X,AV6,9.2,6.9
MITSUBISHI,LANCER EVOLUTION,2,4,Z,AM6,12.6,8.9
MITSUBISHI,LANCER EVOLUTION,2,4,Z,M5,12.5,8.7
MITSUBISHI,LANCER SPORTBACK,2,4,X,AV6,8.3,6.1
MITSUBISHI,LANCER SPORTBACK,2,4,X,M5,8.5,5.9
NISSAN,370Z,3.7,6,Z,AS7,11.5,7.8
NISSAN,370Z,3.7,6,Z,M6,11.8,7.9
NISSAN,370Z ROADSTER,3.7,6,Z,AS7,11.6,8
NISSAN,370Z ROADSTER,3.7,6,Z,M6,11.9,8.1
NISSAN,ALTIMA,2.5,4,X,AV,7.4,5
NISSAN,ALTIMA,3.5,6,X,AV,9.3,6.4
NISSAN,ALTIMA COUPE,2.5,4,X,AV,8.9,6.2
NISSAN,GT-R,3.8,6,Z,AM6,12.9,9.2
NISSAN,JUKE,1.6,4,Z,AV,7.5,6.1
NISSAN,JUKE,1.6,4,Z,M6,8.2,6.4
NISSAN,JUKE AWD,1.6,4,Z,AV,8,6.6
NISSAN,MAXIMA,3.5,6,Z,AV,10.9,7.7
PORSCHE,911 CARRERA,3.4,6,Z,AM7,10.2,7
PORSCHE,911 CARRERA,3.4,6,Z,M7,11,7.2
PORSCHE,911 CARRERA 4,3.4,6,Z,AM7,10.4,7.1
PORSCHE,911 CARRERA 4,3.4,6,Z,M7,10.9,7.2
PORSCHE,911 CARRERA 4 CABRIOLET,3.4,6,Z,AM7,10.6,7.3
PORSCHE,911 CARRERA 4 CABRIOLET,3.4,6,Z,M7,11.2,7.5
PORSCHE,911 CARRERA 4S,3.8,6,Z,AM7,10.8,7.5
PORSCHE,911 CARRERA 4S,3.8,6,Z,M7,11.3,7.5
PORSCHE,911 CARRERA 4S CABRIOLET,3.8,6,Z,AM7,11.2,7.6
PORSCHE,911 CARRERA 4S CABRIOLET,3.8,6,Z,M7,11.5,7.7
PORSCHE,911 CARRERA CABRIOLET,3.4,6,Z,AM7,10.2,7
PORSCHE,911 CARRERA CABRIOLET,3.4,6,Z,M7,10.9,7.3
PORSCHE,911 CARRERA S,3.8,6,Z,AM7,10.7,7.3
PORSCHE,911 CARRERA S,3.8,6,Z,M7,11.1,7.2
PORSCHE,911 CARRERA S CABRIOLET,3.8,6,Z,AM7,11,7.3
PORSCHE,911 CARRERA S CABRIOLET,3.8,6,Z,M7,11.2,7.4
PORSCHE,911 TURBO,3.8,6,Z,AM7,12.7,8.1
PORSCHE,911 TURBO,3.8,6,Z,M6,12.7,8.3
PORSCHE,911 TURBO CABRIOLET,3.8,6,Z,AM7,13.2,8.2
PORSCHE,911 TURBO CABRIOLET,3.8,6,Z,M6,13.1,8.4
PORSCHE,911 TURBO S,3.8,6,Z,AM7,12.7,8.1
PORSCHE,911 TURBO S CABRIOLET,3.8,6,Z,AM7,13.2,8.2
PORSCHE,BOXSTER,2.7,6,Z,AM7,9.4,6.2
PORSCHE,BOXSTER,2.7,6,Z,M6,10.1,6.7
PORSCHE,BOXSTER S,3.4,6,Z,AM7,9.9,6.6
PORSCHE,BOXSTER S,3.4,6,Z,M6,10.5,7.2
PORSCHE,PANAMERA,3.6,6,Z,AM7,11.6,7.4
PORSCHE,PANAMERA 4,3.6,6,Z,AM7,11.8,7.6
PORSCHE,PANAMERA 4S,4.8,8,Z,AM7,12.9,8.3
PORSCHE,PANAMERA GTS,4.8,8,Z,AM7,13.3,8.5
PORSCHE,PANAMERA S,4.8,8,Z,AM7,12.9,8.3
PORSCHE,PANAMERA S HYBRID,3,6,Z,A8,8.6,6.8
PORSCHE,PANAMERA TURBO,4.8,8,Z,AM7,14.1,8.6
PORSCHE,PANAMERA TURBO S,4.8,8,Z,AM7,14.1,8.6
SCION,FR-S,2,4,Z,AS6,8.3,5.8
SCION,FR-S,2,4,Z,M6,9.6,6.6
SCION,iQ,1.3,4,X,AV,5.5,4.7
SCION,tC,2.5,4,X,AS6,8.9,6.3
SCION,tC,2.5,4,X,M6,9.1,6.4
SCION,xB,2.4,4,X,AS4,9.5,7.2
SCION,xB,2.4,4,X,M5,9.5,7.2
SCION,xD,1.8,4,X,A4,7.6,5.9
SCION,xD,1.8,4,X,M5,7.4,5.9
SUBARU,BRZ,2,4,Z,AS6,8.3,5.9
SUBARU,BRZ,2,4,Z,M6,9.6,6.6
SUBARU,IMPREZA AWD,2,4,X,AV,7.5,5.5
SUBARU,IMPREZA AWD,2,4,X,M5,8.3,5.9
SUBARU,IMPREZA AWD,2.5,4,Z,M5,11.1,8
SUBARU,IMPREZA AWD,2.5,4,Z,M6,12.6,8.8
SUBARU,IMPREZA WAGON AWD,2,4,X,AV,7.5,5.5
SUBARU,IMPREZA WAGON AWD,2,4,X,M5,8.3,5.9
SUBARU,IMPREZA WAGON AWD,2.5,4,Z,M5,11.1,8
SUBARU,IMPREZA WAGON AWD,2.5,4,Z,M6,12.6,8.8
SUBARU,LEGACY AWD,2.5,4,X,AV,8.4,6
SUBARU,LEGACY AWD,2.5,4,X,M6,9.8,7
SUBARU,LEGACY AWD,3.6,6,X,AS5,11.8,8.2
SUZUKI,KIZASHI S AWD,2.4,4,X,AV,9.3,6.8
SUZUKI,KIZASHI SX/SPORT AWD,2.4,4,X,AV,9.3,6.8
SUZUKI,SX4 CROSSOVER JA/JX AWD,2,4,X,M6,9.3,6.6
SUZUKI,SX4 CROSSOVER JA/JX/JLX AWD,2,4,X,AV,9,6.7
SUZUKI,SX4 HATCHBACK JA,2,4,X,AV,8.2,6.4
SUZUKI,SX4 HATCHBACK JA,2,4,X,M6,9.1,6.3
SUZUKI,SX4 HATCHBACK JX,2,4,X,AV,8.8,6.7
SUZUKI,SX4 SEDAN JA,2,4,X,AV,8,6.1
SUZUKI,SX4 SEDAN JA/JE,2,4,X,M6,9,6
SUZUKI,SX4 SEDAN SPORT,2,4,X,AV,8.9,6.7
SUZUKI,SX4 SEDAN SPORT,2,4,X,M6,9.1,6.2
TOYOTA,AVALON,3.5,6,X,AS6,9.9,6.4
TOYOTA,CAMRY,2.5,4,X,AS6,8.2,5.5
TOYOTA,CAMRY,3.5,6,X,AS6,9.6,6.3
TOYOTA,CAMRY HYBRID LE,2.5,4,X,AV,4.5,4.9
TOYOTA,CAMRY HYBRID XLE,2.5,4,X,AV,4.7,5.1
TOYOTA,COROLLA,1.8,4,X,A4,7.8,5.7
TOYOTA,COROLLA,1.8,4,X,M5,7.4,5.6
TOYOTA,COROLLA MATRIX,1.8,4,X,A4,8.2,6.4
TOYOTA,COROLLA MATRIX,1.8,4,X,M5,7.7,6.1
TOYOTA,COROLLA MATRIX,2.4,4,X,A4,10.2,7.7
TOYOTA,COROLLA MATRIX,2.4,4,X,AS5,9.8,7
TOYOTA,COROLLA MATRIX,2.4,4,X,M5,9.5,7.1
TOYOTA,PRIUS,1.8,4,X,AV,3.7,4
TOYOTA,PRIUS c,1.5,4,X,AV,3.5,4
TOYOTA,PRIUS v,1.8,4,X,AV,4.3,4.8
TOYOTA,YARIS,1.5,4,X,A4,6.7,5.5
TOYOTA,YARIS,1.5,4,X,M5,6.6,5.2
VOLKSWAGEN,BEETLE,2,4,Z,AS6,9.9,6.5
VOLKSWAGEN,BEETLE,2,4,Z,M6,10.3,6.7
VOLKSWAGEN,BEETLE TDI CLEAN DIESEL,2,4,D,AS6,7,5
VOLKSWAGEN,BEETLE TDI CLEAN DIESEL,2,4,D,M6,7.2,4.8
VOLKSWAGEN,CC,2,4,Z,AS6,9.7,6.6
VOLKSWAGEN,CC,2,4,Z,M6,10.2,6.4
VOLKSWAGEN,CC 4MOTION,3.6,6,Z,AS6,12.7,8.3
VOLKSWAGEN,EOS,2,4,Z,AS6,9.5,6.7
VOLKSWAGEN,GOLF R,2,4,Z,M6,10.9,7.5
VOLKSWAGEN,GOLF TDI CLEAN DIESEL,2,4,D,AS6,6.7,4.7
VOLKSWAGEN,GOLF TDI CLEAN DIESEL,2,4,D,M6,6.7,4.6
VOLKSWAGEN,GTI,2,4,Z,AS6,8.7,6.3
VOLKSWAGEN,GTI,2,4,Z,M6,9.9,6.7
VOLKSWAGEN,JETTA,2,4,X,AS6,9.3,6.7
VOLKSWAGEN,JETTA,2,4,Z,AS6,8.8,6.1
VOLKSWAGEN,JETTA,2,4,X,M5,9.1,6
VOLKSWAGEN,JETTA,2,4,Z,M6,9.8,6.2
VOLKSWAGEN,JETTA HYBRID,1.4,4,Z,AS6,4.5,4.2
VOLKSWAGEN,JETTA TDI CLEAN DIESEL,2,4,D,AS6,6.7,4.7
VOLKSWAGEN,JETTA TDI CLEAN DIESEL,2,4,D,M6,6.7,4.6
VOLKSWAGEN,JETTA SPORTWAGEN TDI CLEAN DIESEL,2,4,D,AS6,7,4.9
VOLKSWAGEN,JETTA SPORTWAGEN TDI CLEAN DIESEL,2,4,D,M6,6.7,4.6
VOLKSWAGEN,PASSAT,3.6,6,Z,AS6,10.9,7.4
VOLKSWAGEN,PASSAT TDI CLEAN DIESEL,2,4,D,AS6,6.9,4.9
VOLKSWAGEN,PASSAT TDI CLEAN DIESEL,2,4,D,M6,6.8,4.4
VOLVO,S60 AWD,3,6,X,AS6,11.7,8
VOLVO,S80,3.2,6,X,AS6,10.5,6.8
VOLVO,S80 AWD,3,6,X,AS6,11.7,8
CHEVROLET,EXPRESS 1500 CARGO,4.3,6,X,A4,14.1,10.1
CHEVROLET,EXPRESS 1500 CARGO,5.3,8,X,A4,16.2,11.4
CHEVROLET,EXPRESS 1500 CARGO AWD,5.3,8,X,A4,16.5,12.1
CHEVROLET,EXPRESS 1500 CARGO CONV,5.3,8,X,A4,16.8,11.9
CHEVROLET,EXPRESS 1500 CARGO CONV AWD,5.3,8,X,A4,16.5,12.1
CHEVROLET,EXPRESS 1500 PASSENGER,5.3,8,X,A4,16.8,11.9
CHEVROLET,EXPRESS 1500 PASSENGER AWD,5.3,8,X,A4,16.5,12.1
CHEVROLET,EXPRESS 2500 PASSENGER,4.8,8,X,A6,19.1,12.1
CHEVROLET,EXPRESS 2500 PASSENGER,6,8,X,A6,19.9,12.8
CHEVROLET,EXPRESS 3500 PASSENGER,4.8,8,X,A6,19.1,12.1
CHEVROLET,EXPRESS 3500 PASSENGER,6,8,X,A6,20.3,12.9
CHRYSLER,TOWN AND COUNTRY FFV,3.6,6,X,A6,12.5,8
DODGE,GRAND CARAVAN FFV,3.6,6,X,A6,12.2,7.9
FORD,E150 VAN FFV,4.6,8,X,A4,16.1,12.1
FORD,E150 VAN FFV,5.4,8,X,A4,17.3,12.5
FORD,E150 WAGON FFV,4.6,8,X,A4,16.8,12.5
FORD,E150 WAGON FFV,5.4,8,X,A4,18,12.9
FORD,E350 WAGON FFV,5.4,8,X,A4,18.7,13.3
FORD,TRANSIT CONNECT VAN,2,4,X,A4,9.9,7.4
GMC,SAVANA 1500 CARGO,4.3,6,X,A4,14.1,10.1
GMC,SAVANA 1500 CARGO,5.3,8,X,A4,16.2,11.4
GMC,SAVANA 1500 CARGO AWD,5.3,8,X,A4,16.5,12.1
GMC,SAVANA 1500 CARGO CONV,5.3,8,X,A4,16.8,11.9
GMC,SAVANA 1500 CARGO CONV AWD,5.3,8,X,A4,16.5,12.1
GMC,SAVANA 1500 PASSENGER,5.3,8,X,A4,16.8,11.9
GMC,SAVANA 1500 PASSENGER AWD,5.3,8,X,A4,16.5,12.1
GMC,SAVANA 2500 PASSENGER,4.8,8,X,A6,19.1,12.1
GMC,SAVANA 2500 PASSENGER,6,8,X,A6,19.9,12.8
GMC,SAVANA 3500 PASSENGER,4.8,8,X,A6,19.1,12.1
GMC,SAVANA 3500 PASSENGER,6,8,X,A6,20.3,12.9
HONDA,ODYSSEY,3.5,6,X,A5,11.7,7.2
HONDA,ODYSSEY TOURING,3.5,6,X,A6,10.9,7.1
MAZDA,MAZDA5,2.5,4,X,AS5,9.5,6.7
MAZDA,MAZDA5,2.5,4,X,M6,9.7,6.8
RAM,CARGO VAN FFV,3.6,6,X,A6,12.2,7.9
TOYOTA,SIENNA,2.7,4,X,AS6,10.4,7.5
TOYOTA,SIENNA,3.5,6,X,AS6,11.4,7.9
TOYOTA,SIENNA AWD,3.5,6,X,AS6,12.4,8.6
VOLKSWAGEN,ROUTAN,3.6,6,X,A6,12.5,8
CHEVROLET,AVALANCHE,5.3,8,X,A6,14.3,9.4
CHEVROLET,AVALANCHE 4WD,5.3,8,X,A6,14.3,9.4
CHEVROLET,SILVERADO,4.3,6,X,A4,14.1,10
CHEVROLET,SILVERADO,4.8,8,X,A4,15.2,10.6
CHEVROLET,SILVERADO,5.3,8,X,A6,14.3,9.4
CHEVROLET,SILVERADO,6.2,8,Z,A6,17,11.1
CHEVROLET,SILVERADO 4WD,4.3,6,X,A4,15,11.4
CHEVROLET,SILVERADO 4WD,4.8,8,X,A4,15.9,11.2
CHEVROLET,SILVERADO 4WD,5.3,8,X,A6,14.3,9.4
CHEVROLET,SILVERADO 4WD,6.2,8,Z,A6,17.7,11.4
CHEVROLET,SILVERADO HYBRID,6,8,X,AV,10.1,8.4
CHEVROLET,SILVERADO HYBRID 4WD,6,8,X,AV,10.2,8.5
CHEVROLET,SILVERADO XFE,5.3,8,X,A6,13.7,9.1
FORD,F150,3.5,6,X,A6,12.9,9
FORD,F150,3.5,6,X,AS6,13,9.1
FORD,F150,6.2,8,X,AS6,16.5,11
FORD,F150 4X4,3.5,6,X,A6,14.1,9.6
FORD,F150 4X4,3.5,6,X,AS6,14.1,9.6
FORD,F150 4X4,6.2,8,X,AS6,18.2,12.2
FORD,F150 FFV,3.7,6,X,A6,12.5,8.7
FORD,F150 FFV,3.7,6,X,AS6,12.5,8.7
FORD,F150 FFV,5,8,X,A6,14.2,9.7
FORD,F150 FFV,5,8,X,AS6,14.3,9.8
FORD,F150 FFV 4X4,3.7,6,X,A6,13.3,9.6
FORD,F150 FFV 4X4,3.7,6,X,AS6,13.3,9.6
FORD,F150 FFV 4X4,5,8,X,A6,15,10.6
FORD,F150 FFV 4X4,5,8,X,AS6,15.1,10.7
GMC,SIERRA,4.3,6,X,A4,14.1,10
GMC,SIERRA,4.8,8,X,A4,15.2,10.6
GMC,SIERRA,5.3,8,X,A6,14.3,9.4
GMC,SIERRA,6.2,8,Z,A6,17,11.1
GMC,SIERRA 4WD,4.3,6,X,A4,15,11.4
GMC,SIERRA 4WD,4.8,8,X,A4,15.9,11.2
GMC,SIERRA 4WD,5.3,8,X,A6,14.3,9.4
GMC,SIERRA 4WD,6.2,8,Z,A6,17.7,11.4
GMC,SIERRA DENALI AWD,6.2,8,Z,A6,17.4,11.1
GMC,SIERRA HYBRID,6,8,X,AV,10.1,8.4
GMC,SIERRA HYBRID 4WD,6,8,X,AV,10.2,8.5
GMC,SIERRA XFE,5.3,8,X,A6,13.7,9.1
HONDA,RIDGELINE AWD,3.5,6,X,A5,13.6,9.6
RAM,1500 HFE,3.6,6,X,A8,11.4,7.8
RAM,1500 (FuelSaver MDS),5.7,8,X,A6,15.4,10.2
RAM,1500 4X4 (FuelSaver MDS),5.7,8,X,A6,15.8,10.8
RAM,1500 FFV,3.6,6,X,A8,12.3,8
RAM,1500 FFV,4.7,8,X,A6,15,10.2
RAM,1500 FFV 4X4,3.6,6,X,A8,13,8.5
RAM,1500 FFV 4X4,4.7,8,X,A6,15.3,10.5
TOYOTA,TACOMA,2.7,4,X,M5,9.9,7.5
TOYOTA,TACOMA,2.7,4,X,A4,10.8,7.8
TOYOTA,TACOMA,4,6,X,M6,12.9,9.6
TOYOTA,TACOMA 4WD,2.7,4,X,M5,11.3,9
TOYOTA,TACOMA 4WD,2.7,4,X,A4,11.6,8.9
TOYOTA,TACOMA 4WD,4,6,X,A5,12.9,9.6
TOYOTA,TACOMA 4WD,4,6,X,M6,13.6,10.4
TOYOTA,TUNDRA,4.6,8,X,AS6,14.2,10
TOYOTA,TUNDRA,5.7,8,X,AS6,15.9,11.1
TOYOTA,TUNDRA 4WD,4.6,8,X,AS6,15.3,10.8
TOYOTA,TUNDRA 4WD,5.7,8,X,AS6,16.3,11.9
ACURA,MDX AWD,3.7,6,Z,AS6,13.2,9.6
ACURA,RDX AWD,3.5,6,Z,AS6,10.7,7.3
ACURA,ZDX AWD,3.7,6,Z,AS6,12.7,8.8
AUDI,Q5,2,4,Z,AS8,10.5,7.2
AUDI,Q5 HYBRID,2,4,Z,AS8,8.6,6.9
AUDI,Q7,3,6,Z,AS8,13.6,9.3
AUDI,Q7 TDI CLEAN DIESEL,3,6,D,AS8,11.5,7.1
BMW,X1 xDRIVE28i,2,4,Z,A8,9,6
BMW,X1 xDRIVE35i,3,6,Z,A6,11.4,7.4
BMW,X3 xDRIVE28i,2,4,Z,A8,9.5,7
BMW,X3 xDRIVE35i,3,6,Z,A8,11.1,7.7
BMW,X5 M,4.4,8,Z,A6,17.2,12
BMW,X5 xDRIVE35d,3,6,D,A6,10.7,7.5
BMW,X5 xDRIVE35i,3,6,Z,A8,13.1,8.6
BMW,X5 xDRIVE50i,4.4,8,Z,A8,15.3,9.9
BMW,X6 M,4.4,8,Z,A6,17.2,12
BMW,X6 xDRIVE35i,3,6,Z,A8,13.1,8.6
BMW,X6 xDRIVE50i,4.4,8,Z,A8,15.3,9.9
BUICK,ENCLAVE,3.6,6,X,A6,12.7,8.4
BUICK,ENCLAVE AWD,3.6,6,X,A6,13,8.6
BUICK,ENCORE,1.4,4,X,AS6,8.2,6
BUICK,ENCORE AWD,1.4,4,X,AS6,8.9,6.7
CADILLAC,ESCALADE AWD,6.2,8,Z,A6,15.3,10
CADILLAC,ESCALADE ESV AWD,6.2,8,Z,A6,17,11.4
CADILLAC,ESCALADE HYBRID 4WD,6,8,X,AV,10.4,8.5
CADILLAC,SRX,3.6,6,X,AS6,12.7,8.3
CADILLAC,SRX AWD,3.6,6,X,AS6,13.2,8.8
CHEVROLET,EQUINOX,2.4,4,X,A6,9.2,6.1
CHEVROLET,EQUINOX,3.6,6,X,A6,12.4,8.1
CHEVROLET,EQUINOX AWD,2.4,4,X,A6,10.1,6.9
CHEVROLET,EQUINOX AWD,3.6,6,X,A6,13.2,8.4
CHEVROLET,ORLANDO,2.4,4,X,AS6,10.8,7.2
CHEVROLET,ORLANDO,2.4,4,X,M6,10.4,7
CHEVROLET,SUBURBAN,5.3,8,X,A6,14.3,9.4
CHEVROLET,SUBURBAN HD,6,8,X,A6,20.6,12.8
CHEVROLET,SUBURBAN 4WD,5.3,8,X,A6,14.3,9.4
CHEVROLET,SUBURBAN 4WD HD,6,8,X,A6,20.7,13.1
CHEVROLET,TAHOE,5.3,8,X,A6,14.3,9.4
CHEVROLET,TAHOE 4WD,5.3,8,X,A6,14.3,9.4
CHEVROLET,TAHOE HYBRID,6,8,X,AV,10.1,8.4
CHEVROLET,TAHOE HYBRID 4WD,6,8,X,AV,10.2,8.5
CHEVROLET,TRAVERSE,3.6,6,X,A6,12.7,8.4
CHEVROLET,TRAVERSE AWD,3.6,6,X,A6,13,8.6
CHEVROLET,TRAX,1.4,4,X,AS6,8.1,5.9
CHEVROLET,TRAX,1.4,4,X,M6,7.8,5.7
CHEVROLET,TRAX AWD,1.4,4,X,AS6,8.7,6.5
DODGE,DURANGO AWD (FuelSaver MDS),5.7,8,X,A6,16.6,10
DODGE,DURANGO AWD FFV,3.6,6,X,A5,13,8.8
DODGE,JOURNEY,2.4,4,X,A4,11.2,7.7
DODGE,JOURNEY AWD,3.6,6,X,A6,12.8,8.2
DODGE,JOURNEY FFV,3.6,6,X,A6,12.6,7.9
FORD,EDGE,2,4,X,A6,9.9,6.6
FORD,EDGE,3.5,6,X,AS6,11.1,7.2
FORD,EDGE AWD,3.5,6,X,AS6,11.8,7.8
FORD,EDGE AWD,3.7,6,X,AS6,12.1,8.7
FORD,ESCAPE,1.6,4,X,AS6,9.1,6
FORD,ESCAPE,2,4,X,AS6,9.5,6.7
FORD,ESCAPE,2.5,4,X,AS6,9.5,6.3
FORD,ESCAPE AWD,1.6,4,X,AS6,9.2,6.6
FORD,ESCAPE AWD,2,4,X,AS6,9.8,6.9
FORD,EXPEDITION 4X4 FFV,5.4,8,X,A6,16.4,11.3
FORD,EXPLORER,2,4,X,A6,10.4,7
FORD,EXPLORER FFV,3.5,6,X,AS6,12.2,8.2
FORD,EXPLORER FFV AWD,3.5,6,X,AS6,12.7,8.7
FORD,FLEX,3.5,6,X,AS6,11.8,8
FORD,FLEX AWD NA,3.5,6,X,AS6,12.2,8.6
FORD,FLEX AWD TC,3.5,6,X,AS6,13.1,8.8
FORD,TRANSIT CONNECT WAGON,2,4,X,A4,9.5,7.4
GMC,ACADIA,3.6,6,X,A6,12.7,8.4
GMC,ACADIA AWD,3.6,6,X,A6,13.3,8.8
GMC,TERRAIN,2.4,4,X,A6,9.2,6.1
GMC,TERRAIN,3.6,6,X,A6,12.4,8.1
GMC,TERRAIN AWD,2.4,4,X,A6,10.1,6.9
GMC,TERRAIN AWD,3.6,6,X,A6,13.2,8.4
GMC,YUKON,5.3,8,X,A6,14.3,9.4
GMC,YUKON 4WD,5.3,8,X,A6,14.3,9.4
GMC,YUKON HYBRID,6,8,X,AV,10.1,8.4
GMC,YUKON HYBRID 4WD,6,8,X,AV,10.4,8.5
GMC,YUKON DENALI AWD,6.2,8,Z,A6,15.3,10
GMC,YUKON DENALI HYBRID 4WD,6,8,X,AV,10.4,8.5
GMC,YUKON DENALI XL AWD,6.2,8,Z,A6,17,11.4
GMC,YUKON XL,5.3,8,X,A6,14.3,9.4
GMC,YUKON XL HD,6,8,X,A6,20.6,12.8
GMC,YUKON XL 4WD,5.3,8,X,A6,14.3,9.4
GMC,YUKON XL 4WD HD,6,8,X,A6,20.7,13.1
HONDA,CROSSTOUR,2.4,4,X,A5,9.4,6.4
HONDA,CROSSTOUR,3.5,6,X,A6,10.5,6.6
HONDA,CROSSTOUR AWD,3.5,6,X,A6,11.1,7.1
HONDA,CR-V,2.4,4,X,A5,9,6.4
HONDA,CR-V AWD,2.4,4,X,A5,9.2,6.6
HONDA,PILOT,3.5,6,X,A5,11.8,7.8
HONDA,PILOT AWD,3.5,6,X,A5,12.3,8.2
HYUNDAI,SANTA FE SPORT,2,4,X,AS6,10.4,7.4
HYUNDAI,SANTA FE SPORT,2.4,4,X,AS6,10.1,6.7
HYUNDAI,SANTA FE SPORT 4WD,2,4,X,AS6,11,8.4
HYUNDAI,SANTA FE SPORT 4WD,2.4,4,X,AS6,10.5,7.7
HYUNDAI,TUCSON,2,4,X,AS6,9.3,6.8
HYUNDAI,TUCSON,2,4,X,M5,10.4,7.7
HYUNDAI,TUCSON,2.4,4,X,AS6,9.7,6.5
HYUNDAI,TUCSON 4WD,2.4,4,X,AS6,10.2,7.4
INFINITI,FX37 AWD,3.7,6,Z,AS7,12.9,9.1
INFINITI,FX50 AWD,5,8,Z,AS7,14.9,10.1
INFINITI,JX35 AWD,3.5,6,Z,AV,11.5,8.5
JEEP,COMPASS,2,4,X,AV,9.3,7.2
JEEP,COMPASS,2,4,X,M5,8.9,6.6
JEEP,COMPASS,2.4,4,X,AV,9.6,7.3
JEEP,COMPASS,2.4,4,X,M5,9,7
JEEP,COMPASS 4X4,2.4,4,X,AV,9.9,7.6
JEEP,COMPASS 4X4,2.4,4,X,M5,9.2,7.2
JEEP,GRAND CHEROKEE 4X4 (FuelSaver MDS),5.7,8,X,A6,16.9,10.2
JEEP,GRAND CHEROKEE 4X4 FFV,3.6,6,X,A5,13,8.8
JEEP,GRAND CHEROKEE 4X4 SRT (FuelSaver MDS),6.4,8,Z,A5,17.1,11.4
JEEP,PATRIOT,2,4,X,AV,9.3,7.2
JEEP,PATRIOT,2,4,X,M5,8.9,6.6
JEEP,PATRIOT,2.4,4,X,AV,9.6,7.3
JEEP,PATRIOT,2.4,4,X,M5,9,7
JEEP,PATRIOT 4X4,2.4,4,X,AV,9.9,7.6
JEEP,PATRIOT 4X4,2.4,4,X,M5,9.2,7.2
JEEP,WRANGLER 4X4 (2-DOOR),3.6,6,X,A5,12.6,9.4
JEEP,WRANGLER 4X4 (2-DOOR),3.6,6,X,M6,12.7,9.3
JEEP,WRANGLER UNLIMITED 4X4 (4-DOOR),3.6,6,X,A5,13.2,10
JEEP,WRANGLER UNLIMITED 4X4 (4-DOOR),3.6,6,X,M6,13.4,9.6
KIA,SORENTO,2.4,4,X,AS6,9.8,6.5
KIA,SORENTO,3.5,6,X,AS6,10.3,7.7
KIA,SORENTO 4WD,2.4,4,X,AS6,10.3,7.5
KIA,SORENTO 4WD,3.5,6,X,AS6,11.5,8.2
KIA,SPORTAGE,2.4,4,X,AS6,9.7,6.5
KIA,SPORTAGE,2.4,4,X,M6,10.3,7.2
KIA,SPORTAGE 4WD,2,4,X,AS6,10.3,8.1
KIA,SPORTAGE 4WD,2.4,4,X,AS6,10.2,7.4
LAND ROVER,LR2,2,4,Z,AS6,12,8.4
KIA,LR4,5,8,Z,AS6,17.1,11.6
KIA,RANGE ROVER,5,8,Z,AS8,15.6,10.1
KIA,RANGE ROVER EVOQUE,2,4,Z,AS6,10.6,7.1
KIA,RANGE ROVER EVOQUE COUPE,2,4,Z,AS6,10.6,7.1
KIA,RANGE ROVER SPORT,5,8,Z,AS6,16.8,11.3
KIA,RANGE ROVER SPORT SC,5,8,Z,AS6,18.1,11.7
KIA,RANGE ROVER SUPERCHARGED,5,8,Z,AS8,16.6,10.6
LEXUS,GX 460,4.6,8,Z,AS6,14.1,9.8
LEXUS,LX 570,5.7,8,Z,AS6,17,11.6
LEXUS,RX 350 AWD,3.5,6,X,AS6,11.8,8.3
LEXUS,RX 350 AWD,3.5,6,X,AS8,11.2,7.7
LEXUS,RX 450h AWD,3.5,6,Z,AS6,6.7,7.2
LINCOLN,MKT AWD,3.5,6,X,AS6,13.1,8.8
LINCOLN,MKT LIVERY,2,4,X,AS6,10.1,7.1
LINCOLN,MKT LIVERY AWD,3.7,6,X,A6,12.5,8.4
LINCOLN,MKX AWD,3.7,6,X,AS6,12.1,8.7
LINCOLN,NAVIGATOR 4X4 FFV,5.4,8,X,A6,16.4,11.3
MAZDA,CX-5,2,4,X,AS6,7.7,6.1
MAZDA,CX-5,2,4,X,M6,7.8,5.7
MAZDA,CX-5 4WD,2,4,X,AS6,8,6.4
MAZDA,CX-9,3.7,6,X,AS6,12.7,8.4
MAZDA,CX-9 4WD,3.7,6,X,AS6,12.8,9.7
MERCEDES-BENZ,G 550,5.5,8,Z,AS7,18.1,13.6
MERCEDES-BENZ,G 63 AMG,5.5,8,Z,AS7,17.5,13.4
MERCEDES-BENZ,GL 350 BLUETEC 4MATIC,3,6,D,AS7,10.9,7.6
MERCEDES-BENZ,GL 450 4MATIC,4.7,8,Z,AS7,15.7,11.1
MERCEDES-BENZ,GL 550 4MATIC,4.7,8,Z,AS7,15.7,11.2
MERCEDES-BENZ,GL 63 AMG,5.5,8,Z,AS7,15.9,11.4
MERCEDES-BENZ,GLK 350 4MATIC,3.5,6,Z,AS7,11.1,8.1
MERCEDES-BENZ,ML 350 4MATIC,3.5,6,Z,AS7,11.7,8.8
MERCEDES-BENZ,,3.5,6,E,AS7,15.9,11.8
MERCEDES-BENZ,ML 350 BLUETEC 4MATIC,3,6,D,AS7,10.4,7.1
MERCEDES-BENZ,ML 550 4MATIC,4.7,8,Z,AS7,14.5,10
MERCEDES-BENZ,ML 63 AMG,5.5,8,Z,AS7,15.5,11.5
MERCEDES-BENZ,R 350 4MATIC,3.5,6,Z,AS7,13.5,9.6
MERCEDES-BENZ,R 350 BLUETEC 4MATIC,3,6,D,AS7,11.7,8.2
MITSUBISHI,OUTLANDER,2.4,4,X,AV6,9,7
MITSUBISHI,OUTLANDER 4WD,2.4,4,X,AV6,9.1,7
MITSUBISHI,OUTLANDER 4WD,3,6,Z,AS6,10.9,7.9
MITSUBISHI,RVR,2,4,X,AV6,8.1,6.1
MITSUBISHI,RVR,2,4,X,M5,8.6,6.4
MITSUBISHI,RVR 4WD,2,4,X,AV6,8.5,6.7
NISSAN,ROGUE,2.5,4,X,AV,9,7
NISSAN,ROGUE AWD,2.5,4,X,AV,9.6,7.7
PORSCHE,CAYENNE,3.6,6,Z,A8,12.5,8.5
PORSCHE,CAYENNE,3.6,6,Z,M6,14.1,9.3
PORSCHE,CAYENNE DIESEL,3,6,D,A8,10.8,6.7
PORSCHE,CAYENNE GTS,4.8,8,Z,A8,14.2,9.6
PORSCHE,CAYENNE S,4.8,8,Z,A8,13.4,8.8
PORSCHE,CAYENNE S HYBRID,3,6,Z,A8,10.4,8.4
PORSCHE,CAYENNE TURBO,4.8,8,Z,A8,14.3,9.3
SUBARU,FORESTER AWD,2.5,4,X,AS4,9.9,7.5
SUBARU,FORESTER AWD,2.5,4,Z,AS4,11,8.4
SUBARU,FORESTER AWD,2.5,4,X,M5,9.9,7.4
SUBARU,OUTBACK AWD,2.5,4,X,AV,8.6,6.5
SUBARU,OUTBACK AWD,2.5,4,X,M6,9.8,7
SUBARU,OUTBACK AWD,3.6,6,X,AS5,11.8,8.2
SUBARU,TRIBECA AWD,3.6,6,X,AS5,13.1,9.4
SUBARU,XV CROSSTREK AWD,2,4,X,AV,8.2,6
SUBARU,XV CROSSTREK AWD,2,4,X,M5,8.9,6.7
SUZUKI,GRAND VITARA URBAN/JX/JLX,2.4,4,X,A4,11.2,8.6
TOYOTA,4RUNNER (Part-Time 4WD),4,6,X,AS5,12.7,9.4
TOYOTA,4RUNNER 4WD,4,6,X,AS5,12.7,9.4
TOYOTA,FJ CRUISER 4WD,4,6,X,A5,12.7,9.5
TOYOTA,FJ CRUISER 4WD,4,6,X,M6,13.8,10.3
TOYOTA,HIGHLANDER,2.7,4,X,AS6,10.4,7.3
TOYOTA,HIGHLANDER,3.5,6,X,AS5,11.7,8.3
TOYOTA,HIGHLANDER 4WD,3.5,6,X,AS5,12.6,8.7
TOYOTA,HIGHLANDER HYBRID 4WD,3.5,6,X,AV,6.6,7.3
TOYOTA,RAV4,2.5,4,X,AS6,8.7,6.4
TOYOTA,RAV4 AWD,2.5,4,X,AS6,9.1,6.8
TOYOTA,RAV4 LIMITED AWD,2.5,4,X,AS6,9.3,6.8
TOYOTA,SEQUOIA 4WD,5.7,8,X,AS6,17.2,11.9
TOYOTA,VENZA,2.7,4,X,AS6,10,6.9
TOYOTA,VENZA,3.5,6,X,AS6,11.1,7.7
TOYOTA,VENZA AWD,2.7,4,X,AS6,10.2,7.1
TOYOTA,VENZA AWD,3.5,6,X,AS6,11.4,7.9
VOLKSWAGEN,TIGUAN,2,4,Z,AM6,9.6,7.4
VOLKSWAGEN,TIGUAN,2,4,Z,M6,12,7.7
VOLKSWAGEN,TIGUAN 4MOTION,2,4,Z,AM6,10.2,7.8
VOLKSWAGEN,TOUAREG,3.6,6,Z,AS8,12.3,8.8
VOLKSWAGEN,TOUAREG TDI CLEAN DIESEL,3,6,D,AS8,10.8,6.7
VOLVO,XC60,3.2,6,X,AS6,11.2,7.8
VOLVO,XC60 AWD,3,6,X,AS6,12,8.5
VOLVO,XC60 AWD,3.2,6,X,AS6,11.6,8.2
VOLVO,XC70 AWD,3,6,X,AS6,12,8.5
VOLVO,XC70 AWD,3.2,6,X,AS6,11.6,7.8
VOLVO,XC90 AWD,3.2,6,X,AS6,13.2,8.8
